dataset_id,platform,edge,classification,design_basis,limitation,source
local_origin_600,X,origin_signal_to_coordination,untested,Displayed-country contrast among selected visible reposters,No coordination measure; origin is a displayed signal,../studies/foreign_origin_amplification_600/REPORT_v1.md
figshare_28033772_v1,X,ranking_to_feed_composition,measured_association,Matched For You versus followed-feed composition in same public dataset,Historical matched feeds identify a comparison but causal ranking effect depends on feed comparability and capture design,../studies/political_recommendation_amplification/public_results/heterogeneity/report.md
figshare_28033772_v1,X,foreign_operation_to_ranking,untested,Accounts anonymized in public data,No operation or account-origin labels,../studies/political_recommendation_amplification/public_results/heterogeneity/report.md
pnas_2610388123,X,ranking_to_value_exposure,measured_association,Matched amplified content versus followed-account inventory,Value alignment outcome differs from 2023 source ideology; no randomized holdback,../studies/political_recommendation_amplification/public_results/synthesis/report.md
rogers_righetti_2025_facebook,Facebook,coordination_to_deception,proxy_only,Similar link-sharing coordination signatures across media groups and an influence operation,Coordination does not independently establish deceptive organizational presentation,https://journals.sagepub.com/doi/10.1177/29768624251369784
eady_2023_ira_2016,X,campaign_attribution_to_actual_feed_delivery,proxy_only,Platform-attributed account list crossed with followed users and posts,Potential exposure reconstructed; actual feed delivery and viewing not observed,https://pmc.ncbi.nlm.nih.gov/articles/PMC9829855/
eady_2023_ira_2016,X,potential_exposure_to_attitude_or_vote_change,measured_association,Longitudinal survey and reconstructed timeline exposure,Observational design; no meaningful association detected but causal impact not identified,https://pmc.ncbi.nlm.nih.gov/articles/PMC9829855/
huszar_2021_holdback,X,ranking_to_political_source_exposure,causal_test,Platform randomized ranked versus chronological holdback,Political source groups not classified as foreign operations,https://www.pnas.org/doi/full/10.1073/pnas.2025334119
rauchfleisch_2020_botometer,X,bot_score_to_verified_automation,proxy_only,Threshold compared with human-coded reference groups and manual review,Score is imperfect and changes with language and time; does not classify 2026 accounts,https://journals.plos.org/plosone/article?id=10.1371/journal.pone.0241045
