record_id,dataset_id,platform,period,source_type,origin_evidence,operation_attribution_evidence,automation_evidence,coordination_evidence,deception_evidence,exposure_evidence,recommendation_evidence,impact_evidence,independence_note,evidence_status,source
local_origin_v1,local_origin_600,X,2026,selected visible-repost pilot,proxy,unknown,unknown,unknown,unknown,unknown,unknown,unknown,one frozen local sample,Internal descriptive pilot; original screenshot audit incomplete,../studies/foreign_origin_amplification_600/REPORT_v1.md
gauthier_2023,figshare_28033772_v1,X,2023-07 to 2023-09,public matched-feed replication,unknown,unknown,unknown,unknown,unknown,supported,supported,unknown,Dataset shared by local acquisition; heterogeneity; mechanism; synthesis reports,complete public-data secondary analysis,../studies/political_recommendation_amplification/public_results/heterogeneity/MANIFEST.md
epstein_2024,pnas_2610388123,X,2024-09 to 2024-10,public matched-feed study,unknown,unknown,unknown,unknown,unknown,supported,supported,unknown,independent of 2023 dataset,complete public-data secondary synthesis,../studies/political_recommendation_amplification/public_results/synthesis/MANIFEST.md
x_io_archive,x_information_operations_archive,X,historical,platform-attributed operation archive,unknown,platform_disclosure,unknown,platform_disclosure,platform_disclosure,unknown,unknown,unknown,Each campaign requires separate dataset ID after intake,candidate source only,https://blog.x.com/en_us/topics/company/2019/information-ops-on-twitter
meta_threat_indicators,meta_threat_research,Facebook/Instagram,multiple,platform threat indicator repository,unknown,platform_disclosure,unknown,platform_disclosure,platform_disclosure,unknown,unknown,unknown,Indicators are not feed exposure records; campaign-level intake pending,candidate source only,https://github.com/facebook/threat-research
rogers_righetti_2025,rogers_righetti_2025_facebook,Facebook,various,empirical coordination typology,unknown,unknown,unknown,supported,unknown,unknown,unknown,unknown,Behavioral coordination can resemble an influence operation across actor types,full text reviewed; extraction pending,https://journals.sagepub.com/doi/10.1177/29768624251369784
luceri_2026,luceri_2026_tiktok,TikTok,2024 election,empirical video coordination detection,unknown,unknown,proxy,proxy,unknown,unknown,unknown,unknown,Duet and Stitch can be organic; no feed denominator,abstract reviewed; full text pending,https://ojs.aaai.org/index.php/ICWSM/article/view/42711
mannocci_2022,mannocci_2022_uk_election,X,2019 UK election,empirical coordinated-retweet analysis,unknown,unknown,unknown,proxy,unknown,proxy,unknown,unknown,Retweet cascades and outreach do not directly measure feed ranking,abstract and article page reviewed; extraction pending,https://www.sciencedirect.com/science/article/pii/S0167923622000902
eady_2023,eady_2023_ira_2016,X,2016 US election,linked survey and reconstructed potential timeline exposure,unknown,platform_disclosure,unknown,unknown,unknown,proxy,unknown,unknown,Follow-list and post reconstruction gives potential exposure; actual delivered or viewed posts unknown; no ranking counterfactual,full text reviewed; extraction pending,https://pmc.ncbi.nlm.nih.gov/articles/PMC9829855/
huszar_2021,huszar_2021_holdback,X,2020,randomized ranked versus chronological timeline experiment,unknown,unknown,unknown,unknown,unknown,supported,supported,unknown,Platform-run holdback; political source groups not foreign-operation accounts,full text reviewed,https://www.pnas.org/doi/full/10.1073/pnas.2025334119
rauchfleisch_2020,rauchfleisch_2020_botometer,X,historical,bot detector validation study,unknown,unknown,measurement_validation,unknown,unknown,unknown,unknown,unknown,False positives and prevalence dependence; not a foreign-operation dataset,full text reviewed,https://journals.plos.org/plosone/article?id=10.1371/journal.pone.0241045
seckin_2025,seckin_2025_io_controls,X,multiple,platform-attributed campaigns with topic/time controls,unknown,platform_disclosure,unknown,platform_disclosure,platform_disclosure,unknown,unknown,unknown,26 campaigns; control accounts are not independently verified negatives,dataset paper reviewed; access request required,https://ojs.aaai.org/index.php/ICWSM/article/view/35958
reddit_suspicious_accounts,reddit_suspicious_accounts_archive,Reddit,historical,platform-published suspicious-account list,unknown,proxy,unknown,unknown,unknown,unknown,unknown,unknown,Page title says investigated suspicious accounts; attribution and completeness require source-context review,candidate source only,https://www.reddit.com/wiki/suspiciousaccounts/
chandio_2024,chandio_2024_youtube_audit,YouTube,historical,recommendation-audit methods experiment,unknown,unknown,unknown,unknown,unknown,proxy,proxy,unknown,Shows audit configuration changes observations; not a foreign-operation study,abstract reviewed; full text pending,https://ojs.aaai.org/index.php/ICWSM/article/view/31311
