openalex_id,doi,title,year,landing_page_url,query_hits,decision,reason,screen_stage
https://openalex.org/W4281620562,10.1016/j.dss.2022.113819,Coordinated inauthentic behavior and information spreading on Twitter,2022,https://doi.org/10.1016/j.dss.2022.113819,"""coordinated inauthentic behavior"" AND (Twitter OR Facebook OR TikTok OR Reddit) [1]",retrieve_full_text,Potential eligible empirical source; full-text construct and dataset check pending,preliminary_single_reviewer_title
https://openalex.org/W3010968540,10.1080/1369118x.2020.1739732,It takes a village to manipulate the media: coordinated link sharing behavior during 2018 and 2019 Italian elections,2020,https://doi.org/10.1080/1369118x.2020.1739732,"""coordinated inauthentic behavior"" AND (Twitter OR Facebook OR TikTok OR Reddit) [2]",retrieve_full_text,Potential eligible empirical source; full-text construct and dataset check pending,preliminary_single_reviewer_title
https://openalex.org/W4287217508,10.1016/j.osnem.2022.100224,Ready-to-(ab)use: From fake account trafficking to coordinated inauthentic behavior on Twitter,2022,https://doi.org/10.1016/j.osnem.2022.100224,"""coordinated inauthentic behavior"" AND (Twitter OR Facebook OR TikTok OR Reddit) [3]",exclude_title,Title does not show an eligible empirical O/A/C/D/E/R/I construct; provisional decision,preliminary_single_reviewer_title
https://openalex.org/W3047084175,10.1177/1329878x20946113,‘Corona? 5G? or both?’: the dynamics of COVID-19/5G conspiracy theories on Facebook,2020,https://doi.org/10.1177/1329878x20946113,"""coordinated inauthentic behavior"" AND (Twitter OR Facebook OR TikTok OR Reddit) [4]",exclude_title,Title does not show an eligible empirical O/A/C/D/E/R/I construct; provisional decision,preliminary_single_reviewer_title
https://openalex.org/W3211616085,,The Global Disinformation Order: 2019 Global Inventory of Organised Social Media Manipulation,2019,https://digitalcommons.unl.edu/scholcom/207,"""coordinated inauthentic behavior"" AND (Twitter OR Facebook OR TikTok OR Reddit) [5] | ""foreign influence"" AND ""social media"" [2]",retrieve_full_text,Potential eligible empirical source; full-text construct and dataset check pending,preliminary_single_reviewer_title
https://openalex.org/W3180831803,10.3389/fdata.2021.689036,Marginalizing the Mainstream: How Social Media Privilege Political Information,2021,https://doi.org/10.3389/fdata.2021.689036,"""coordinated inauthentic behavior"" AND (Twitter OR Facebook OR TikTok OR Reddit) [6] | ""information operations"" AND ""social media"" [36]",exclude_title,Title does not show an eligible empirical O/A/C/D/E/R/I construct; provisional decision,preliminary_single_reviewer_title
https://openalex.org/W3038754989,10.1145/3400806.3400817,Coordinated Link Sharing Behavior as a Signal to Surface Sources of Problematic Information on Facebook,2020,https://doi.org/10.1145/3400806.3400817,"""coordinated inauthentic behavior"" AND (Twitter OR Facebook OR TikTok OR Reddit) [7]",retrieve_full_text,Potential eligible empirical source; full-text construct and dataset check pending,preliminary_single_reviewer_title
https://openalex.org/W4327616702,10.3389/fsoc.2023.1141416,Coordinated inauthentic behavior: An innovative manipulation tactic to amplify COVID-19 anti-vaccine communication outreach via social media,2023,https://doi.org/10.3389/fsoc.2023.1141416,"""coordinated inauthentic behavior"" AND (Twitter OR Facebook OR TikTok OR Reddit) [8]",retrieve_full_text,Potential eligible empirical source; full-text construct and dataset check pending,preliminary_single_reviewer_title
https://openalex.org/W4221154202,10.1145/3555639,Make Reddit Great Again: Assessing Community Effects of Moderation Interventions on r/The_Donald,2022,https://doi.org/10.1145/3555639,"""coordinated inauthentic behavior"" AND (Twitter OR Facebook OR TikTok OR Reddit) [9]",exclude_title,Title does not show an eligible empirical O/A/C/D/E/R/I construct; provisional decision,preliminary_single_reviewer_title
https://openalex.org/W4200028970,10.37016/mr-2020-85,Research note: Examining how various social media platforms have responded to COVID-19 misinformation,2021,https://doi.org/10.37016/mr-2020-85,"""coordinated inauthentic behavior"" AND (Twitter OR Facebook OR TikTok OR Reddit) [10]",exclude_title,Title does not show an eligible empirical O/A/C/D/E/R/I construct; provisional decision,preliminary_single_reviewer_title
https://openalex.org/W4313513758,10.1007/978-3-031-21127-0_11,Manipulation During the French Presidential Campaign: Coordinated Inauthentic Behaviors and Astroturfing Analysis on Text and Images,2023,https://doi.org/10.1007/978-3-031-21127-0_11,"""coordinated inauthentic behavior"" AND (Twitter OR Facebook OR TikTok OR Reddit) [11]",exclude_title,Title does not show an eligible empirical O/A/C/D/E/R/I construct; provisional decision,preliminary_single_reviewer_title
https://openalex.org/W4382645829,10.1093/joc/jqad015,Modulating moderation: a history of objectionability in Twitter moderation practices,2023,https://doi.org/10.1093/joc/jqad015,"""coordinated inauthentic behavior"" AND (Twitter OR Facebook OR TikTok OR Reddit) [12]",exclude_title,Title does not show an eligible empirical O/A/C/D/E/R/I construct; provisional decision,preliminary_single_reviewer_title
https://openalex.org/W4391548528,10.3390/books978-3-0365-1347-8-4,Disinformation Echo Chambers on Facebook,2023,https://doi.org/10.3390/books978-3-0365-1347-8-4,"""coordinated inauthentic behavior"" AND (Twitter OR Facebook OR TikTok OR Reddit) [13]",exclude_title,Title does not show an eligible empirical O/A/C/D/E/R/I construct; provisional decision,preliminary_single_reviewer_title
https://openalex.org/W4281564877,10.17645/mac.v10i2.5154,Humor That Harms? Examining Racist Audio-Visual Memetic Media on TikTok During Covid-19,2022,https://doi.org/10.17645/mac.v10i2.5154,"""coordinated inauthentic behavior"" AND (Twitter OR Facebook OR TikTok OR Reddit) [14]",exclude_title,Title does not show an eligible empirical O/A/C/D/E/R/I construct; provisional decision,preliminary_single_reviewer_title
https://openalex.org/W4386098562,10.1140/epjds/s13688-023-00410-9,A language framework for modeling social media account behavior,2023,https://doi.org/10.1140/epjds/s13688-023-00410-9,"""coordinated inauthentic behavior"" AND (Twitter OR Facebook OR TikTok OR Reddit) [15]",exclude_title,Title does not show an eligible empirical O/A/C/D/E/R/I construct; provisional decision,preliminary_single_reviewer_title
https://openalex.org/W4235200878,10.31235/osf.io/3jteh,Understanding Coordinated and Inauthentic Link Sharing Behavior on Facebook in the Run-up to 2018 General Election and 2019 European Election in Italy,2019,https://doi.org/10.31235/osf.io/3jteh,"""coordinated inauthentic behavior"" AND (Twitter OR Facebook OR TikTok OR Reddit) [16]",exclude_title,Title does not show an eligible empirical O/A/C/D/E/R/I construct; provisional decision,preliminary_single_reviewer_title
https://openalex.org/W3085798340,10.25740/qb823mb8849,Bolivarian Factions: Facebook Takes Down Inauthentic Assets,2022,https://fsi.stanford.edu/zh-ch/node/234733,"""coordinated inauthentic behavior"" AND (Twitter OR Facebook OR TikTok OR Reddit) [17]",exclude_title,Title does not show an eligible empirical O/A/C/D/E/R/I construct; provisional decision,preliminary_single_reviewer_title
https://openalex.org/W4416139419,10.1609/icwsm.v20i1.42711,Coordinated Inauthentic Behavior on TikTok: Challenges and Opportunities for Detection in a Video-First Ecosystem,2026,https://doi.org/10.1609/icwsm.v20i1.42711,"""coordinated inauthentic behavior"" AND (Twitter OR Facebook OR TikTok OR Reddit) [18]",retrieve_full_text,Potential eligible empirical source; full-text construct and dataset check pending,preliminary_single_reviewer_title
https://openalex.org/W4410078593,10.1038/s41598-025-00233-w,Coordinated link sharing on Facebook,2025,https://doi.org/10.1038/s41598-025-00233-w,"""coordinated inauthentic behavior"" AND (Twitter OR Facebook OR TikTok OR Reddit) [19]",retrieve_full_text,Potential eligible empirical source; full-text construct and dataset check pending,preliminary_single_reviewer_title
https://openalex.org/W3004034277,10.1109/access.2020.3003370,Charting the Landscape of Online Cryptocurrency Manipulation,2020,https://doi.org/10.1109/access.2020.3003370,"""coordinated inauthentic behavior"" AND (Twitter OR Facebook OR TikTok OR Reddit) [20]",exclude_title,Title does not show an eligible empirical O/A/C/D/E/R/I construct; provisional decision,preliminary_single_reviewer_title
https://openalex.org/W4401213118,10.1080/14623528.2024.2375122,Beyond Hate Speech and Misinformation: Facebook and the Rohingya Genocide in Myanmar,2024,https://doi.org/10.1080/14623528.2024.2375122,"""coordinated inauthentic behavior"" AND (Twitter OR Facebook OR TikTok OR Reddit) [21]",exclude_title,Title does not show an eligible empirical O/A/C/D/E/R/I construct; provisional decision,preliminary_single_reviewer_title
https://openalex.org/W4395447491,10.1109/access.2024.3393482,Coordinated Behavior in Information Operations on Twitter,2024,https://doi.org/10.1109/access.2024.3393482,"""coordinated inauthentic behavior"" AND (Twitter OR Facebook OR TikTok OR Reddit) [22] | ""information operations"" AND ""social media"" [37]",retrieve_full_text,Potential eligible empirical source; full-text construct and dataset check pending,preliminary_single_reviewer_title
https://openalex.org/W4324378992,10.1007/s10462-023-10454-y,"Open-source intelligence: a comprehensive review of the current state, applications and future perspectives in cyber security",2023,https://doi.org/10.1007/s10462-023-10454-y,"""coordinated inauthentic behavior"" AND (Twitter OR Facebook OR TikTok OR Reddit) [23]",exclude_title,Title does not show an eligible empirical O/A/C/D/E/R/I construct; provisional decision,preliminary_single_reviewer_title
https://openalex.org/W4399629475,10.1145/3630744.3663608,The Great Ban: Efficacy and Unintended Consequences of a Massive Deplatforming Operation on Reddit,2024,https://doi.org/10.1145/3630744.3663608,"""coordinated inauthentic behavior"" AND (Twitter OR Facebook OR TikTok OR Reddit) [24]",exclude_title,Title does not show an eligible empirical O/A/C/D/E/R/I construct; provisional decision,preliminary_single_reviewer_title
https://openalex.org/W3093841183,10.1609/icwsm.v17i1.22139,Misleading Repurposing on Twitter,2023,http://dx.doi.org/10.1609/icwsm.v17i1.22139,"""coordinated inauthentic behavior"" AND (Twitter OR Facebook OR TikTok OR Reddit) [25]",retrieve_full_text,Potential eligible empirical source; full-text construct and dataset check pending,preliminary_single_reviewer_title
https://openalex.org/W4285387879,10.1007/s13278-022-00908-6,How disinformation operations against Russian opposition leader Alexei Navalny influence the international audience on Twitter,2022,https://doi.org/10.1007/s13278-022-00908-6,"""coordinated inauthentic behavior"" AND (Twitter OR Facebook OR TikTok OR Reddit) [26]",exclude_title,Title does not show an eligible empirical O/A/C/D/E/R/I construct; provisional decision,preliminary_single_reviewer_title
https://openalex.org/W3095051991,10.37016/mr-2020-45,State media warning labels can counteract the effects of foreign disinformation,2020,https://doi.org/10.37016/mr-2020-45,"""coordinated inauthentic behavior"" AND (Twitter OR Facebook OR TikTok OR Reddit) [27]",exclude_title,Title does not show an eligible empirical O/A/C/D/E/R/I construct; provisional decision,preliminary_single_reviewer_title
https://openalex.org/W2903251195,10.1109/snams.2018.8554675,Reverse Engineering the Behaviour of Twitter Bots,2018,https://doi.org/10.1109/snams.2018.8554675,"""coordinated inauthentic behavior"" AND (Twitter OR Facebook OR TikTok OR Reddit) [28]",exclude_title,Title does not show an eligible empirical O/A/C/D/E/R/I construct; provisional decision,preliminary_single_reviewer_title
https://openalex.org/W4399205190,10.1609/icwsm.v18i1.31409,Tracking Fringe and Coordinated Activity on Twitter Leading Up to the US Capitol Attack,2024,https://doi.org/10.1609/icwsm.v18i1.31409,"""coordinated inauthentic behavior"" AND (Twitter OR Facebook OR TikTok OR Reddit) [29]",retrieve_full_text,Potential eligible empirical source; full-text construct and dataset check pending,preliminary_single_reviewer_title
https://openalex.org/W2999852001,10.37016/mr-2020-003,Russian disinformation campaigns on Twitter target political communities across the spectrum. Collaboration between opposed political groups might be the most effective way to counter it.,2020,https://doi.org/10.37016/mr-2020-003,"""coordinated inauthentic behavior"" AND (Twitter OR Facebook OR TikTok OR Reddit) [30]",exclude_title,Title does not show an eligible empirical O/A/C/D/E/R/I construct; provisional decision,preliminary_single_reviewer_title
https://openalex.org/W4376632676,10.48550/arxiv.2305.07350,Detecting Coordinated Inauthentic Behavior in Likes on Social Media: Proof of Concept,2023,http://arxiv.org/abs/2305.07350,"""coordinated inauthentic behavior"" AND (Twitter OR Facebook OR TikTok OR Reddit) [31]",retrieve_full_text,Potential eligible empirical source; full-text construct and dataset check pending,preliminary_single_reviewer_title
https://openalex.org/W4391262194,10.1007/s41109-024-00610-w,"Modeling disinformation networks on Twitter: structure, behavior, and impact",2024,https://doi.org/10.1007/s41109-024-00610-w,"""coordinated inauthentic behavior"" AND (Twitter OR Facebook OR TikTok OR Reddit) [32]",exclude_title,Title does not show an eligible empirical O/A/C/D/E/R/I construct; provisional decision,preliminary_single_reviewer_title
https://openalex.org/W4400943930,10.2139/ssrn.4899259,Forty Thousand Fake Twitter Profiles: A Computational Framework for the Visual Analysis of Social Media Propaganda,2024,https://doi.org/10.2139/ssrn.4899259,"""coordinated inauthentic behavior"" AND (Twitter OR Facebook OR TikTok OR Reddit) [33] | ""foreign influence"" AND ""social media"" [45]",exclude_title,Title does not show an eligible empirical O/A/C/D/E/R/I construct; provisional decision,preliminary_single_reviewer_title
https://openalex.org/W4401276259,10.1177/08944393241269394,Forty Thousand Fake Twitter Profiles: A Computational Framework for the Visual Analysis of Social Media Propaganda,2024,https://doi.org/10.1177/08944393241269394,"""coordinated inauthentic behavior"" AND (Twitter OR Facebook OR TikTok OR Reddit) [34] | ""foreign influence"" AND ""social media"" [44]",exclude_title,Title does not show an eligible empirical O/A/C/D/E/R/I construct; provisional decision,preliminary_single_reviewer_title
https://openalex.org/W3014935876,10.1371/journal.pone.0241045,The False positive problem of automatic bot detection in social science research,2020,https://doi.org/10.1371/journal.pone.0241045,"""coordinated inauthentic behavior"" AND (Twitter OR Facebook OR TikTok OR Reddit) [35] | ""bot detection"" AND political [8]",retrieve_full_text,Potential eligible empirical source; full-text construct and dataset check pending,preliminary_single_reviewer_title
https://openalex.org/W4327725286,10.5117/9789463720762,The Propagation of Misinformation in Social Media,2023,https://doi.org/10.5117/9789463720762,"""coordinated inauthentic behavior"" AND (Twitter OR Facebook OR TikTok OR Reddit) [36]",exclude_title,Title does not show an eligible empirical O/A/C/D/E/R/I construct; provisional decision,preliminary_single_reviewer_title
https://openalex.org/W4200219697,10.4324/9781003083078,Social Media and Hate,2021,https://doi.org/10.4324/9781003083078,"""coordinated inauthentic behavior"" AND (Twitter OR Facebook OR TikTok OR Reddit) [37]",exclude_title,Title does not show an eligible empirical O/A/C/D/E/R/I construct; provisional decision,preliminary_single_reviewer_title
https://openalex.org/W4386766469,10.1126/sciadv.adh2132,The efficacy of Facebook’s vaccine misinformation policies and architecture during the COVID-19 pandemic,2023,https://doi.org/10.1126/sciadv.adh2132,"""coordinated inauthentic behavior"" AND (Twitter OR Facebook OR TikTok OR Reddit) [38]",exclude_title,Title does not show an eligible empirical O/A/C/D/E/R/I construct; provisional decision,preliminary_single_reviewer_title
https://openalex.org/W4395065710,10.48550/arxiv.2404.14244,AI-Generated Faces in the Real World: A Large-Scale Case Study of Twitter Profile Images,2024,http://arxiv.org/abs/2404.14244,"""coordinated inauthentic behavior"" AND (Twitter OR Facebook OR TikTok OR Reddit) [39]",exclude_title,Title does not show an eligible empirical O/A/C/D/E/R/I construct; provisional decision,preliminary_single_reviewer_title
https://openalex.org/W4388128897,10.1038/s41586-023-06795-x,Author Correction: Like-minded sources on Facebook are prevalent but not polarizing,2023,https://doi.org/10.1038/s41586-023-06795-x,"""coordinated inauthentic behavior"" AND (Twitter OR Facebook OR TikTok OR Reddit) [40]",exclude_title,Title does not show an eligible empirical O/A/C/D/E/R/I construct; provisional decision,preliminary_single_reviewer_title
https://openalex.org/W4366121998,10.1177/20539517231168101,"Organic online politics: Farmers, Facebook, and Myanmar's military coup",2023,https://doi.org/10.1177/20539517231168101,"""coordinated inauthentic behavior"" AND (Twitter OR Facebook OR TikTok OR Reddit) [41]",exclude_title,Title does not show an eligible empirical O/A/C/D/E/R/I construct; provisional decision,preliminary_single_reviewer_title
https://openalex.org/W4386794969,10.48550/arxiv.2309.07745,Disinformation Echo-Chambers on Facebook,2023,http://arxiv.org/abs/2309.07745,"""coordinated inauthentic behavior"" AND (Twitter OR Facebook OR TikTok OR Reddit) [42]",exclude_title,Title does not show an eligible empirical O/A/C/D/E/R/I construct; provisional decision,preliminary_single_reviewer_title
https://openalex.org/W4367311229,10.1145/3543873.3587672,Detecting the Hidden Dynamics of Networked Actors Using Temporal Correlations,2023,https://doi.org/10.1145/3543873.3587672,"""coordinated inauthentic behavior"" AND (Twitter OR Facebook OR TikTok OR Reddit) [43]",retrieve_full_text,Potential eligible empirical source; full-text construct and dataset check pending,preliminary_single_reviewer_title
https://openalex.org/W4386556851,10.1177/20563051231196866,"A Workflow to Detect, Monitor, and Update Lists of Coordinated Social Media Accounts Across Time: The Case of the 2022 Italian Election",2023,https://doi.org/10.1177/20563051231196866,"""coordinated inauthentic behavior"" AND (Twitter OR Facebook OR TikTok OR Reddit) [44]",retrieve_full_text,Potential eligible empirical source; full-text construct and dataset check pending,preliminary_single_reviewer_title
https://openalex.org/W3037604166,,Like a virus: The coordinated spread of Coronavirus disinformation,2020,https://apo.org.au/node/305864,"""coordinated inauthentic behavior"" AND (Twitter OR Facebook OR TikTok OR Reddit) [45]",exclude_title,Title does not show an eligible empirical O/A/C/D/E/R/I construct; provisional decision,preliminary_single_reviewer_title
https://openalex.org/W2988120509,10.1145/3359229,Disinformation as Collaborative Work,2019,https://doi.org/10.1145/3359229,"""coordinated inauthentic behavior"" AND (Twitter OR Facebook OR TikTok OR Reddit) [46] | ""information operations"" AND ""social media"" [17]",exclude_title,Title does not show an eligible empirical O/A/C/D/E/R/I construct; provisional decision,preliminary_single_reviewer_title
https://openalex.org/W4281699368,10.21203/rs.3.rs-1354959/v2,Rapid Sharing of Islamophobic Hate on Facebook: The Case of the Tablighi Jamaat Controversy,2022,https://doi.org/10.21203/rs.3.rs-1354959/v2,"""coordinated inauthentic behavior"" AND (Twitter OR Facebook OR TikTok OR Reddit) [47]",exclude_title,Title does not show an eligible empirical O/A/C/D/E/R/I construct; provisional decision,preliminary_single_reviewer_title
https://openalex.org/W4393951468,10.1007/s11948-024-00473-5,Performing Platform Governance: Facebook and the Stage Management of Data Relations,2024,https://doi.org/10.1007/s11948-024-00473-5,"""coordinated inauthentic behavior"" AND (Twitter OR Facebook OR TikTok OR Reddit) [48]",exclude_title,Title does not show an eligible empirical O/A/C/D/E/R/I construct; provisional decision,preliminary_single_reviewer_title
https://openalex.org/W4416300380,10.1038/s44260-025-00056-w,Large-scale detection of multilingual coordinated activity on Telegram,2025,https://doi.org/10.1038/s44260-025-00056-w,"""coordinated inauthentic behavior"" AND (Twitter OR Facebook OR TikTok OR Reddit) [49]",retrieve_full_text,Potential eligible empirical source; full-text construct and dataset check pending,preliminary_single_reviewer_title
https://openalex.org/W3210546290,10.1007/s13278-021-00815-2,Amplifying influence through coordinated behaviour in social networks,2021,https://doi.org/10.1007/s13278-021-00815-2,"""coordinated inauthentic behavior"" AND (Twitter OR Facebook OR TikTok OR Reddit) [50]",exclude_title,Title does not show an eligible empirical O/A/C/D/E/R/I construct; provisional decision,preliminary_single_reviewer_title
https://openalex.org/W4319983294,10.1007/s13278-023-01028-5,"Fake news, disinformation and misinformation in social media: a review",2023,https://doi.org/10.1007/s13278-023-01028-5,"""information operations"" AND ""social media"" [1]",background_method,"Method/review background; inspect citations, not counted as independent dataset",preliminary_single_reviewer_title
https://openalex.org/W3123948795,10.1146/annurev-economics-081919-050239,Political Effects of the Internet and Social Media,2020,https://doi.org/10.1146/annurev-economics-081919-050239,"""information operations"" AND ""social media"" [2] | ""foreign influence"" AND ""social media"" [1]",exclude_title,Title does not show an eligible empirical O/A/C/D/E/R/I construct; provisional decision,preliminary_single_reviewer_title
https://openalex.org/W2026050329,10.1177/0002764213479374,The Arab Spring and Social Media Audiences,2013,https://doi.org/10.1177/0002764213479374,"""information operations"" AND ""social media"" [3]",exclude_title,Title does not show an eligible empirical O/A/C/D/E/R/I construct; provisional decision,preliminary_single_reviewer_title
https://openalex.org/W2956617434,10.1080/1369118x.2019.1637447,After the ‘APIcalypse’: social media platforms and their fight against critical scholarly research,2019,https://doi.org/10.1080/1369118x.2019.1637447,"""information operations"" AND ""social media"" [4]",exclude_title,Title does not show an eligible empirical O/A/C/D/E/R/I construct; provisional decision,preliminary_single_reviewer_title
https://openalex.org/W3107314676,10.1007/s42001-020-00094-5,"Misinformation, manipulation, and abuse on social media in the era of COVID-19",2020,https://doi.org/10.1007/s42001-020-00094-5,"""information operations"" AND ""social media"" [5]",exclude_title,Title does not show an eligible empirical O/A/C/D/E/R/I construct; provisional decision,preliminary_single_reviewer_title
https://openalex.org/W3004652140,10.1080/10584609.2019.1674979,A Picture Paints a Thousand Lies? The Effects and Mechanisms of Multimodal Disinformation and Rebuttals Disseminated via Social Media,2020,https://doi.org/10.1080/10584609.2019.1674979,"""information operations"" AND ""social media"" [6]",exclude_title,Title does not show an eligible empirical O/A/C/D/E/R/I construct; provisional decision,preliminary_single_reviewer_title
https://openalex.org/W3032208390,10.1145/3313831.3376213,Effects of Credibility Indicators on Social Media News Sharing Intent,2020,https://doi.org/10.1145/3313831.3376213,"""information operations"" AND ""social media"" [7]",exclude_title,Title does not show an eligible empirical O/A/C/D/E/R/I construct; provisional decision,preliminary_single_reviewer_title
https://openalex.org/W1600301157,10.25916/sut.26271046,Twitter free Iran: an evaluation of Twitter's role in public diplomacy and information operations in Iran's 2009 election crisis,2009,http://hdl.handle.net/1959.3/70941,"""information operations"" AND ""social media"" [8]",exclude_title,Title does not show an eligible empirical O/A/C/D/E/R/I construct; provisional decision,preliminary_single_reviewer_title
https://openalex.org/W1857308240,10.1080/10357718.2015.1059799,The strategic logic of Islamic State information operations,2015,https://doi.org/10.1080/10357718.2015.1059799,"""information operations"" AND ""social media"" [9]",exclude_title,Title does not show an eligible empirical O/A/C/D/E/R/I construct; provisional decision,preliminary_single_reviewer_title
https://openalex.org/W3092568232,10.1371/journal.pone.0239666,Why do people spread false information online? The effects of message and viewer characteristics on self-reported likelihood of sharing social media disinformation,2020,https://doi.org/10.1371/journal.pone.0239666,"""information operations"" AND ""social media"" [10]",exclude_title,Title does not show an eligible empirical O/A/C/D/E/R/I construct; provisional decision,preliminary_single_reviewer_title
https://openalex.org/W279145299,,Terrorist Use of the Internet: Information Operations in Cyberspace,2011,https://digital.library.unt.edu/ark:/67531/metadc103142/,"""information operations"" AND ""social media"" [11]",exclude_title,Title does not show an eligible empirical O/A/C/D/E/R/I construct; provisional decision,preliminary_single_reviewer_title
https://openalex.org/W4280611690,10.1177/07439156221103852,Disinformation and Echo Chambers: How Disinformation Circulates on Social Media Through Identity-Driven Controversies,2022,https://doi.org/10.1177/07439156221103852,"""information operations"" AND ""social media"" [12]",exclude_title,Title does not show an eligible empirical O/A/C/D/E/R/I construct; provisional decision,preliminary_single_reviewer_title
https://openalex.org/W2997149517,10.1016/j.osnem.2019.100058,Political communication on social media: A tale of hyperactive users and bias in recommender systems,2019,https://doi.org/10.1016/j.osnem.2019.100058,"""information operations"" AND ""social media"" [13]",exclude_title,Title does not show an eligible empirical O/A/C/D/E/R/I construct; provisional decision,preliminary_single_reviewer_title
https://openalex.org/W4386639506,10.1140/epjds/s13688-023-00414-5,Russian propaganda on social media during the 2022 invasion of Ukraine,2023,https://doi.org/10.1140/epjds/s13688-023-00414-5,"""information operations"" AND ""social media"" [14] | ""foreign influence"" AND ""social media"" [6]",exclude_title,Title does not show an eligible empirical O/A/C/D/E/R/I construct; provisional decision,preliminary_single_reviewer_title
https://openalex.org/W3033580827,10.1080/0960085x.2020.1770632,What drives unverified information sharing and cyberchondria during the COVID-19 pandemic?,2020,https://doi.org/10.1080/0960085x.2020.1770632,"""information operations"" AND ""social media"" [15]",exclude_title,Title does not show an eligible empirical O/A/C/D/E/R/I construct; provisional decision,preliminary_single_reviewer_title
https://openalex.org/W3068316593,10.1609/icwsm.v15i1.18074,Coordinated Behavior on Social Media in 2019 UK General Election,2021,https://doi.org/10.1609/icwsm.v15i1.18074,"""information operations"" AND ""social media"" [16]",retrieve_full_text,Potential eligible empirical source; full-text construct and dataset check pending,preliminary_single_reviewer_title
https://openalex.org/W3184486389,10.1080/23738871.2021.1950196,The strategic surprise of Russian information operations on social media in 2016 in the United States: mapping a blind spot,2021,https://doi.org/10.1080/23738871.2021.1950196,"""information operations"" AND ""social media"" [18]",exclude_title,Title does not show an eligible empirical O/A/C/D/E/R/I construct; provisional decision,preliminary_single_reviewer_title
https://openalex.org/W3207319561,10.1145/3476086,Cross-platform Information Operations: Mobilizing Narratives & Building Resilience through both 'Big' & 'Alt' Tech,2021,https://doi.org/10.1145/3476086,"""information operations"" AND ""social media"" [19]",retrieve_full_text,Potential eligible empirical source; full-text construct and dataset check pending,preliminary_single_reviewer_title
https://openalex.org/W3112646659,10.37016/mr-2020-49,Tackling misinformation: What researchers could do with social media data,2020,https://doi.org/10.37016/mr-2020-49,"""information operations"" AND ""social media"" [20]",exclude_title,Title does not show an eligible empirical O/A/C/D/E/R/I construct; provisional decision,preliminary_single_reviewer_title
https://openalex.org/W2735151423,10.7249/rr1742,Monitoring Social Media: Lessons for Future Department of Defense Social Media Analysis in Support of Information Operations,2017,https://doi.org/10.7249/rr1742,"""information operations"" AND ""social media"" [21]",exclude_title,Title does not show an eligible empirical O/A/C/D/E/R/I construct; provisional decision,preliminary_single_reviewer_title
https://openalex.org/W4387672129,10.55549/epstem.1371792,"Impact of Deepfake Technology on Social Media: Detection, Misinformation and Societal Implications",2023,https://doi.org/10.55549/epstem.1371792,"""information operations"" AND ""social media"" [22]",exclude_title,Title does not show an eligible empirical O/A/C/D/E/R/I construct; provisional decision,preliminary_single_reviewer_title
https://openalex.org/W3012132007,10.1016/j.alter.2020.02.001,Self-representations on social media,2020,https://doi.org/10.1016/j.alter.2020.02.001,"""information operations"" AND ""social media"" [23]",exclude_title,Title does not show an eligible empirical O/A/C/D/E/R/I construct; provisional decision,preliminary_single_reviewer_title
https://openalex.org/W3131095897,10.1109/cybersa49311.2020.9139709,Application of the Benford’s law to Social bots and Information Operations activities,2020,https://doi.org/10.1109/cybersa49311.2020.9139709,"""information operations"" AND ""social media"" [24]",exclude_title,Title does not show an eligible empirical O/A/C/D/E/R/I construct; provisional decision,preliminary_single_reviewer_title
https://openalex.org/W3163217719,10.1145/3447548.3467391,Identifying Coordinated Accounts on Social Media through Hidden Influence and Group Behaviours,2021,https://doi.org/10.1145/3447548.3467391,"""information operations"" AND ""social media"" [25] | ""foreign influence"" AND ""social media"" [8]",retrieve_full_text,Potential eligible empirical source; full-text construct and dataset check pending,preliminary_single_reviewer_title
https://openalex.org/W3174204002,10.1177/08944393211019951,Inauthentic Newsfeeds and Agenda Setting in a Coordinated Inauthentic Information Operation,2021,https://doi.org/10.1177/08944393211019951,"""information operations"" AND ""social media"" [26]",retrieve_full_text,Potential eligible empirical source; full-text construct and dataset check pending,preliminary_single_reviewer_title
https://openalex.org/W2777092439,10.55540/0031-1723.2931,Russia's Improved Information Operations: From Georgia to Crimea,2017,https://doi.org/10.55540/0031-1723.2931,"""information operations"" AND ""social media"" [27]",exclude_title,Title does not show an eligible empirical O/A/C/D/E/R/I construct; provisional decision,preliminary_single_reviewer_title
https://openalex.org/W2565351507,10.1016/j.giq.2016.12.004,Measuring international relations in social media conversations,2016,https://doi.org/10.1016/j.giq.2016.12.004,"""information operations"" AND ""social media"" [28]",exclude_title,Title does not show an eligible empirical O/A/C/D/E/R/I construct; provisional decision,preliminary_single_reviewer_title
https://openalex.org/W2994813731,10.1080/1060586x.2019.1701879,Social media and Russian territorial irredentism: some facts and a conjecture,2019,https://doi.org/10.1080/1060586x.2019.1701879,"""information operations"" AND ""social media"" [29]",exclude_title,Title does not show an eligible empirical O/A/C/D/E/R/I construct; provisional decision,preliminary_single_reviewer_title
https://openalex.org/W1892874464,10.1109/enic.2015.19,Evaluating Algorithms for Detection of Compromised Social Media User Accounts,2015,https://doi.org/10.1109/enic.2015.19,"""information operations"" AND ""social media"" [30]",exclude_title,Title does not show an eligible empirical O/A/C/D/E/R/I construct; provisional decision,preliminary_single_reviewer_title
https://openalex.org/W3127527288,10.1016/j.techfore.2021.120661,"Relating foreign disinformation through social media, domestic online media fractionalization, government's control over cyberspace, and social media-induced offline violence: Insights from the agenda-building theoretical perspective",2021,https://doi.org/10.1016/j.techfore.2021.120661,"""information operations"" AND ""social media"" [31]",exclude_title,Title does not show an eligible empirical O/A/C/D/E/R/I construct; provisional decision,preliminary_single_reviewer_title
https://openalex.org/W1743516929,,The dark side of social media : review of online terrorism,2012,https://eprints.qut.edu.au/50162/2/50162.pdf,"""information operations"" AND ""social media"" [32]",exclude_title,Title does not show an eligible empirical O/A/C/D/E/R/I construct; provisional decision,preliminary_single_reviewer_title
https://openalex.org/W4386380139,10.3390/info14090485,Social Media Analytics on Russia–Ukraine Cyber War with Natural Language Processing: Perspectives and Challenges,2023,https://doi.org/10.3390/info14090485,"""information operations"" AND ""social media"" [33]",exclude_title,Title does not show an eligible empirical O/A/C/D/E/R/I construct; provisional decision,preliminary_single_reviewer_title
https://openalex.org/W4200192788,10.1016/j.chb.2021.107131,Mapping HCI research methods for studying social media interaction: A systematic literature review,2021,https://doi.org/10.1016/j.chb.2021.107131,"""information operations"" AND ""social media"" [34]",exclude_title,Title does not show an eligible empirical O/A/C/D/E/R/I construct; provisional decision,preliminary_single_reviewer_title
https://openalex.org/W4353070729,10.1093/pnasnexus/pgad094,The Spot the Troll Quiz game increases accuracy in discerning between real and inauthentic social media accounts,2023,https://doi.org/10.1093/pnasnexus/pgad094,"""information operations"" AND ""social media"" [35]",retrieve_full_text,Potential eligible empirical source; full-text construct and dataset check pending,preliminary_single_reviewer_title
https://openalex.org/W4376057765,10.5325/bustan.13.2.0190,"Digital Authoritarianism in the Middle East: Deception, Disinformation and Social Media",2022,https://doi.org/10.5325/bustan.13.2.0190,"""information operations"" AND ""social media"" [38]",exclude_title,Title does not show an eligible empirical O/A/C/D/E/R/I construct; provisional decision,preliminary_single_reviewer_title
https://openalex.org/W2961344948,10.5120/ijca2019919126,Impact of Social Media Application in Business Organizations,2019,https://doi.org/10.5120/ijca2019919126,"""information operations"" AND ""social media"" [39]",exclude_title,Title does not show an eligible empirical O/A/C/D/E/R/I construct; provisional decision,preliminary_single_reviewer_title
https://openalex.org/W4415990219,10.3390/computers14110485,NLP Models for Military Terminology Analysis and Detection of Information Operations on Social Media,2025,https://doi.org/10.3390/computers14110485,"""information operations"" AND ""social media"" [40]",exclude_title,Title does not show an eligible empirical O/A/C/D/E/R/I construct; provisional decision,preliminary_single_reviewer_title
https://openalex.org/W3164128970,10.1109/ojcoms.2021.3074591,Attribution Across Cyber Attack Types: Network Intrusions and Information Operations,2021,https://doi.org/10.1109/ojcoms.2021.3074591,"""information operations"" AND ""social media"" [41]",exclude_title,Title does not show an eligible empirical O/A/C/D/E/R/I construct; provisional decision,preliminary_single_reviewer_title
https://openalex.org/W3126092582,10.1177/2056305120984445,Online Engagement Between Opposing Political Protest Groups via Social Media is Linked to Physical Violence of Offline Encounters,2021,https://doi.org/10.1177/2056305120984445,"""information operations"" AND ""social media"" [42]",exclude_title,Title does not show an eligible empirical O/A/C/D/E/R/I construct; provisional decision,preliminary_single_reviewer_title
https://openalex.org/W3084561134,10.3145/epi.2020.sep.07,Intentional or inadvertent fake news sharing? Fact-checking warnings and users’ interaction with social media content,2020,https://doi.org/10.3145/epi.2020.sep.07,"""information operations"" AND ""social media"" [43]",exclude_title,Title does not show an eligible empirical O/A/C/D/E/R/I construct; provisional decision,preliminary_single_reviewer_title
https://openalex.org/W3086748812,10.1016/j.ipm.2020.102385,Combining advanced computational social science and graph theoretic techniques to reveal adversarial information operations,2020,https://doi.org/10.1016/j.ipm.2020.102385,"""information operations"" AND ""social media"" [44]",exclude_title,Title does not show an eligible empirical O/A/C/D/E/R/I construct; provisional decision,preliminary_single_reviewer_title
https://openalex.org/W2950949504,10.55540/0031-1723.2851,Victory without Casualties: Russia's Information Operations,2018,https://doi.org/10.55540/0031-1723.2851,"""information operations"" AND ""social media"" [45]",exclude_title,Title does not show an eligible empirical O/A/C/D/E/R/I construct; provisional decision,preliminary_single_reviewer_title
https://openalex.org/W3039658914,10.25253/99.2020222.11,Social Media and Fake News in the Post-Truth Era: The Manipulation of Politics in the Election Process,2020,https://doi.org/10.25253/99.2020222.11,"""information operations"" AND ""social media"" [46]",exclude_title,Title does not show an eligible empirical O/A/C/D/E/R/I construct; provisional decision,preliminary_single_reviewer_title
https://openalex.org/W3088838442,10.1609/icwsm.v15i1.18102,Understanding the Use of Fauxtography on Social Media,2021,https://doi.org/10.1609/icwsm.v15i1.18102,"""information operations"" AND ""social media"" [47]",exclude_title,Title does not show an eligible empirical O/A/C/D/E/R/I construct; provisional decision,preliminary_single_reviewer_title
https://openalex.org/W4323315151,10.3390/electronics12051242,A New Social Media-Driven Cyber Threat Intelligence,2023,https://doi.org/10.3390/electronics12051242,"""information operations"" AND ""social media"" [48]",exclude_title,Title does not show an eligible empirical O/A/C/D/E/R/I construct; provisional decision,preliminary_single_reviewer_title
https://openalex.org/W4409348430,10.1609/aaai.v39i27.35046,IOHunter: Graph Foundation Model to Uncover Online Information Operations,2025,https://doi.org/10.1609/aaai.v39i27.35046,"""information operations"" AND ""social media"" [49]",exclude_title,Title does not show an eligible empirical O/A/C/D/E/R/I construct; provisional decision,preliminary_single_reviewer_title
https://openalex.org/W3034954501,10.2139/ssrn.3612019,Cyber Attacks and Cyber (Mis)information Operations during a Pandemic,2020,https://doi.org/10.2139/ssrn.3612019,"""information operations"" AND ""social media"" [50]",exclude_title,Title does not show an eligible empirical O/A/C/D/E/R/I construct; provisional decision,preliminary_single_reviewer_title
https://openalex.org/W2787296320,10.1016/j.ins.2018.08.019,Deep neural networks for bot detection,2018,https://doi.org/10.1016/j.ins.2018.08.019,"""bot detection"" AND political [1]",exclude_title,Title does not show an eligible empirical O/A/C/D/E/R/I construct; provisional decision,preliminary_single_reviewer_title
https://openalex.org/W3041367927,10.1145/3409116,A decade of social bot detection,2020,https://doi.org/10.1145/3409116,"""bot detection"" AND political [2]",background_method,"Method/review background; inspect citations, not counted as independent dataset",preliminary_single_reviewer_title
https://openalex.org/W2997788455,10.1609/aaai.v34i01.5460,Scalable and Generalizable Social Bot Detection through Data Selection,2020,https://doi.org/10.1609/aaai.v34i01.5460,"""bot detection"" AND political [3]",exclude_title,Title does not show an eligible empirical O/A/C/D/E/R/I construct; provisional decision,preliminary_single_reviewer_title
https://openalex.org/W2797202416,10.2139/ssrn.3144139,"Social Media, Political Polarization, and Political Disinformation: A Review of the Scientific Literature",2018,https://doi.org/10.2139/ssrn.3144139,"""bot detection"" AND political [4] | ""algorithmic amplification"" AND political [2]",exclude_title,Title does not show an eligible empirical O/A/C/D/E/R/I construct; provisional decision,preliminary_single_reviewer_title
https://openalex.org/W2550819555,10.5210/fm.v21i11.7090,Social bots distort the 2016 U.S. Presidential election online discussion,2016,https://doi.org/10.5210/fm.v21i11.7090,"""bot detection"" AND political [5]",exclude_title,Title does not show an eligible empirical O/A/C/D/E/R/I construct; provisional decision,preliminary_single_reviewer_title
https://openalex.org/W2971881481,10.1080/10584609.2019.1661888,Political Astroturfing on Twitter: How to Coordinate a Disinformation Campaign,2019,https://doi.org/10.1080/10584609.2019.1661888,"""bot detection"" AND political [6]",exclude_title,Title does not show an eligible empirical O/A/C/D/E/R/I construct; provisional decision,preliminary_single_reviewer_title
https://openalex.org/W4231258178,10.1109/asonam.2016.7752287,A new approach to bot detection: Striking the balance between precision and recall,2016,https://doi.org/10.1109/asonam.2016.7752287,"""bot detection"" AND political [7]",exclude_title,Title does not show an eligible empirical O/A/C/D/E/R/I construct; provisional decision,preliminary_single_reviewer_title
https://openalex.org/W2787037992,10.1109/asonam.2018.8508646,Analyzing the Digital Traces of Political Manipulation: The 2016 Russian Interference Twitter Campaign,2018,https://doi.org/10.1109/asonam.2018.8508646,"""bot detection"" AND political [9]",exclude_title,Title does not show an eligible empirical O/A/C/D/E/R/I construct; provisional decision,preliminary_single_reviewer_title
https://openalex.org/W2554337180,10.5555/3192424.3192525,A new approach to bot detection: striking the balance between precision and recall,2016,http://ieeexplore.ieee.org/abstract/document/7752287,"""bot detection"" AND political [10]",exclude_title,Title does not show an eligible empirical O/A/C/D/E/R/I construct; provisional decision,preliminary_single_reviewer_title
https://openalex.org/W2936935342,10.1145/3313294.3313386,Bot Detection in Reddit Political Discussion,2019,https://doi.org/10.1145/3313294.3313386,"""bot detection"" AND political [11]",retrieve_full_text,Potential eligible empirical source; full-text construct and dataset check pending,preliminary_single_reviewer_title
https://openalex.org/W3197022418,10.1609/aaai.v36i4.20314,Heterogeneity-Aware Twitter Bot Detection with Relational Graph Transformers,2022,https://doi.org/10.1609/aaai.v36i4.20314,"""bot detection"" AND political [12]",exclude_title,Title does not show an eligible empirical O/A/C/D/E/R/I construct; provisional decision,preliminary_single_reviewer_title
https://openalex.org/W202178741,10.1609/icwsm.v5i1.14127,Detecting and Tracking Political Abuse in Social Media,2021,https://doi.org/10.1609/icwsm.v5i1.14127,"""bot detection"" AND political [13]",exclude_title,Title does not show an eligible empirical O/A/C/D/E/R/I construct; provisional decision,preliminary_single_reviewer_title
https://openalex.org/W4313572588,10.1007/s13278-022-01020-5,Machine learning-based social media bot detection: a comprehensive literature review,2023,https://doi.org/10.1007/s13278-022-01020-5,"""bot detection"" AND political [14]",background_method,"Method/review background; inspect citations, not counted as independent dataset",preliminary_single_reviewer_title
https://openalex.org/W4380887356,10.5210/fm.v28i6.13185,Social bot detection in the age of ChatGPT: Challenges and opportunities,2023,https://doi.org/10.5210/fm.v28i6.13185,"""bot detection"" AND political [15]",exclude_title,Title does not show an eligible empirical O/A/C/D/E/R/I construct; provisional decision,preliminary_single_reviewer_title
https://openalex.org/W2937643694,10.1109/access.2019.2904220,Contrast Pattern-Based Classification for Bot Detection on Twitter,2019,https://doi.org/10.1109/access.2019.2904220,"""bot detection"" AND political [16]",exclude_title,Title does not show an eligible empirical O/A/C/D/E/R/I construct; provisional decision,preliminary_single_reviewer_title
https://openalex.org/W2893495107,,Supervised Machine Learning Bot Detection Techniques to Identify Social Twitter Bots,2018,https://scholar.smu.edu/datasciencereview/vol1/iss2/5,"""bot detection"" AND political [17]",exclude_title,Title does not show an eligible empirical O/A/C/D/E/R/I construct; provisional decision,preliminary_single_reviewer_title
https://openalex.org/W4395097571,10.1145/3660522,Unsupervised Social Bot Detection via Structural Information Theory,2024,https://doi.org/10.1145/3660522,"""bot detection"" AND political [18]",exclude_title,Title does not show an eligible empirical O/A/C/D/E/R/I construct; provisional decision,preliminary_single_reviewer_title
https://openalex.org/W3194561115,10.1177/20539517211033566,"Bot, or not? Comparing three methods for detecting social bots in five political discourses",2021,https://doi.org/10.1177/20539517211033566,"""bot detection"" AND political [19]",retrieve_full_text,Potential eligible empirical source; full-text construct and dataset check pending,preliminary_single_reviewer_title
https://openalex.org/W4323310035,10.1007/s00521-023-08352-z,Social media bot detection with deep learning methods: a systematic review,2023,https://doi.org/10.1007/s00521-023-08352-z,"""bot detection"" AND political [20]",exclude_title,Title does not show an eligible empirical O/A/C/D/E/R/I construct; provisional decision,preliminary_single_reviewer_title
https://openalex.org/W4220686914,10.1007/s13278-022-00869-w,DeeProBot: a hybrid deep neural network model for social bot detection based on user profile data,2022,https://doi.org/10.1007/s13278-022-00869-w,"""bot detection"" AND political [21]",exclude_title,Title does not show an eligible empirical O/A/C/D/E/R/I construct; provisional decision,preliminary_single_reviewer_title
https://openalex.org/W4200222034,10.3390/sym14010030,Social Bots Detection via Fusing BERT and Graph Convolutional Networks,2021,https://doi.org/10.3390/sym14010030,"""bot detection"" AND political [22]",exclude_title,Title does not show an eligible empirical O/A/C/D/E/R/I construct; provisional decision,preliminary_single_reviewer_title
https://openalex.org/W3214818997,10.1007/s13278-021-00800-9,GANBOT: a GAN-based framework for social bot detection,2021,https://doi.org/10.1007/s13278-021-00800-9,"""bot detection"" AND political [23]",exclude_title,Title does not show an eligible empirical O/A/C/D/E/R/I construct; provisional decision,preliminary_single_reviewer_title
https://openalex.org/W4365458124,10.1016/j.jksuci.2023.04.004,Systematic Literature Review of Social Media Bots Detection Systems,2023,https://doi.org/10.1016/j.jksuci.2023.04.004,"""bot detection"" AND political [24]",exclude_title,Title does not show an eligible empirical O/A/C/D/E/R/I construct; provisional decision,preliminary_single_reviewer_title
https://openalex.org/W2990592856,10.26615/978-954-452-056-4_065,Language-Agnostic Twitter Bot Detection,2019,https://doi.org/10.26615/978-954-452-056-4_065,"""bot detection"" AND political [25]",exclude_title,Title does not show an eligible empirical O/A/C/D/E/R/I construct; provisional decision,preliminary_single_reviewer_title
https://openalex.org/W4282007661,10.48550/arxiv.2206.04564,TwiBot-22: Towards Graph-Based Twitter Bot Detection,2022,http://arxiv.org/abs/2206.04564,"""bot detection"" AND political [26]",exclude_title,Title does not show an eligible empirical O/A/C/D/E/R/I construct; provisional decision,preliminary_single_reviewer_title
https://openalex.org/W3158792679,10.1109/access.2021.3074953,Tweet-Based Bot Detection Using Big Data Analytics,2021,https://doi.org/10.1109/access.2021.3074953,"""bot detection"" AND political [27]",exclude_title,Title does not show an eligible empirical O/A/C/D/E/R/I construct; provisional decision,preliminary_single_reviewer_title
https://openalex.org/W4380301730,10.1609/icwsm.v17i1.22179,BotBuster: Multi-Platform Bot Detection Using a Mixture of Experts,2023,https://doi.org/10.1609/icwsm.v17i1.22179,"""bot detection"" AND political [28]",retrieve_full_text,Potential eligible empirical source; full-text construct and dataset check pending,preliminary_single_reviewer_title
https://openalex.org/W4226381434,10.1007/s42001-022-00177-5,Botometer 101: social bot practicum for computational social scientists,2022,https://doi.org/10.1007/s42001-022-00177-5,"""bot detection"" AND political [29]",exclude_title,Title does not show an eligible empirical O/A/C/D/E/R/I construct; provisional decision,preliminary_single_reviewer_title
https://openalex.org/W3192149550,10.1177/08944393211034991,Automation on Twitter: Measuring the Effectiveness of Approaches to Bot Detection,2021,https://doi.org/10.1177/08944393211034991,"""bot detection"" AND political [30]",retrieve_full_text,Potential eligible empirical source; full-text construct and dataset check pending,preliminary_single_reviewer_title
https://openalex.org/W2769471736,10.1145/3110025.3110090,Of Bots and Humans (on Twitter),2017,https://doi.org/10.1145/3110025.3110090,"""bot detection"" AND political [31]",exclude_title,Title does not show an eligible empirical O/A/C/D/E/R/I construct; provisional decision,preliminary_single_reviewer_title
https://openalex.org/W3215033904,10.1109/icecct52121.2021.9616841,Twitter Bot Detection using Machine Learning Algorithms,2021,https://doi.org/10.1109/icecct52121.2021.9616841,"""bot detection"" AND political [32]",exclude_title,Title does not show an eligible empirical O/A/C/D/E/R/I construct; provisional decision,preliminary_single_reviewer_title
https://openalex.org/W4242048916,10.31235/osf.io/a5gk6,Political Astroturfing on Twitter: How to Coordinate a Disinformation Campaign,2019,https://doi.org/10.31235/osf.io/a5gk6,"""bot detection"" AND political [33]",exclude_title,Title does not show an eligible empirical O/A/C/D/E/R/I construct; provisional decision,preliminary_single_reviewer_title
https://openalex.org/W4210908032,10.1016/j.osnem.2022.100198,Stabilizing a supervised bot detection algorithm: How much data is needed for consistent predictions?,2022,https://doi.org/10.1016/j.osnem.2022.100198,"""bot detection"" AND political [34]",exclude_title,Title does not show an eligible empirical O/A/C/D/E/R/I construct; provisional decision,preliminary_single_reviewer_title
https://openalex.org/W4288086170,10.1145/3359163,Hateful People or Hateful Bots? Detection and Characterization of Bots Spreading Religious Hatred in Arabic Social Media,2019,http://arxiv.org/abs/1908.00153,"""bot detection"" AND political [35]",exclude_title,Title does not show an eligible empirical O/A/C/D/E/R/I construct; provisional decision,preliminary_single_reviewer_title
https://openalex.org/W3191965547,10.1088/1742-6596/1950/1/012006,Twitter bot detection using supervised machine learning,2021,https://doi.org/10.1088/1742-6596/1950/1/012006,"""bot detection"" AND political [36]",exclude_title,Title does not show an eligible empirical O/A/C/D/E/R/I construct; provisional decision,preliminary_single_reviewer_title
https://openalex.org/W4364357667,10.5121/csit.2023.130604,Botshape: A Novel Social Bots Detection Approach via Behavioral Patterns,2023,https://doi.org/10.5121/csit.2023.130604,"""bot detection"" AND political [37]",exclude_title,Title does not show an eligible empirical O/A/C/D/E/R/I construct; provisional decision,preliminary_single_reviewer_title
https://openalex.org/W4281631069,10.3390/app12125915,An Evolutionary Computation Approach for Twitter Bot Detection,2022,https://doi.org/10.3390/app12125915,"""bot detection"" AND political [38]",exclude_title,Title does not show an eligible empirical O/A/C/D/E/R/I construct; provisional decision,preliminary_single_reviewer_title
https://openalex.org/W4401863527,10.1145/3637528.3671871,SEBot: Structural Entropy Guided Multi-View Contrastive learning for Social Bot Detection,2024,https://doi.org/10.1145/3637528.3671871,"""bot detection"" AND political [39]",exclude_title,Title does not show an eligible empirical O/A/C/D/E/R/I construct; provisional decision,preliminary_single_reviewer_title
https://openalex.org/W3086839491,10.1145/3396956.3401801,Bot detection in twitter landscape using unsupervised learning,2020,https://doi.org/10.1145/3396956.3401801,"""bot detection"" AND political [40]",exclude_title,Title does not show an eligible empirical O/A/C/D/E/R/I construct; provisional decision,preliminary_single_reviewer_title
https://openalex.org/W3122709690,,Social Bots Distort the 2016 US Presidential Election Online Discussion,2016,https://papers.ssrn.com/sol3/Delivery.cfm/SSRN_ID2982233_code2721602.pdf?abstractid=2982233&mirid=1&type=2,"""bot detection"" AND political [41]",exclude_title,Title does not show an eligible empirical O/A/C/D/E/R/I construct; provisional decision,preliminary_single_reviewer_title
https://openalex.org/W4284972390,10.1007/s13278-022-00897-6,T-Bot: AI-based social media bot detection model for trend-centric twitter network,2022,https://doi.org/10.1007/s13278-022-00897-6,"""bot detection"" AND political [42]",exclude_title,Title does not show an eligible empirical O/A/C/D/E/R/I construct; provisional decision,preliminary_single_reviewer_title
https://openalex.org/W4393377491,10.3758/s13428-024-02357-9,Creating a Bot-tleneck for malicious AI: Psychological methods for bot detection,2024,https://doi.org/10.3758/s13428-024-02357-9,"""bot detection"" AND political [43]",exclude_title,Title does not show an eligible empirical O/A/C/D/E/R/I construct; provisional decision,preliminary_single_reviewer_title
https://openalex.org/W4367047167,10.1145/3543507.3583214,Simplistic Collection and Labeling Practices Limit the Utility of Benchmark Datasets for Twitter Bot Detection,2023,https://doi.org/10.1145/3543507.3583214,"""bot detection"" AND political [44]",retrieve_full_text,Potential eligible empirical source; full-text construct and dataset check pending,preliminary_single_reviewer_title
https://openalex.org/W4212955467,10.1017/s0003055421001507,Why Botter: How Pro-Government Bots Fight Opposition in Russia,2022,https://doi.org/10.1017/s0003055421001507,"""bot detection"" AND political [45]",retrieve_full_text,Potential eligible empirical source; full-text construct and dataset check pending,preliminary_single_reviewer_title
https://openalex.org/W3091890513,10.1145/3320269.3372202,BOTection: Bot Detection by Building Markov Chain Models of Bots Network Behavior,2020,https://doi.org/10.1145/3320269.3372202,"""bot detection"" AND political [46]",exclude_title,Title does not show an eligible empirical O/A/C/D/E/R/I construct; provisional decision,preliminary_single_reviewer_title
https://openalex.org/W2997742313,10.1016/j.procs.2019.11.187,Social Bot Detection on 2019 Indonesia President Candidate’s Supporter’s Tweets,2019,https://doi.org/10.1016/j.procs.2019.11.187,"""bot detection"" AND political [47]",exclude_title,Title does not show an eligible empirical O/A/C/D/E/R/I construct; provisional decision,preliminary_single_reviewer_title
https://openalex.org/W4387272168,10.1049/icp.2023.1822,Explainable Twitter bot detection model for limited features,2023,https://doi.org/10.1049/icp.2023.1822,"""bot detection"" AND political [48]",exclude_title,Title does not show an eligible empirical O/A/C/D/E/R/I construct; provisional decision,preliminary_single_reviewer_title
https://openalex.org/W3036082643,10.1002/hbe2.202,Political polarization drives online conversations about COVID ‐19 in the United States,2020,https://doi.org/10.1002/hbe2.202,"""bot detection"" AND political [49]",exclude_title,Title does not show an eligible empirical O/A/C/D/E/R/I construct; provisional decision,preliminary_single_reviewer_title
https://openalex.org/W2947145950,10.1038/s42005-020-0340-4,The role of bot squads in the political propaganda on Twitter,2020,https://doi.org/10.1038/s42005-020-0340-4,"""bot detection"" AND political [50]",retrieve_full_text,Potential eligible empirical source; full-text construct and dataset check pending,preliminary_single_reviewer_title
https://openalex.org/W4206125442,10.1073/pnas.2025334119,Algorithmic Amplification of Politics on Twitter,2021,http://arxiv.org/abs/2110.11010,"""algorithmic amplification"" AND political [1]",retrieve_full_text,Potential eligible empirical source; full-text construct and dataset check pending,preliminary_single_reviewer_title
https://openalex.org/W3206593531,10.1073/pnas.2025334119,Algorithmic amplification of politics on Twitter,2021,https://doi.org/10.1073/pnas.2025334119,"""algorithmic amplification"" AND political [3]",retrieve_full_text,Potential eligible empirical source; full-text construct and dataset check pending,preliminary_single_reviewer_title
https://openalex.org/W4211017739,10.1038/s41586-019-1138-y,Machine behaviour,2019,https://doi.org/10.1038/s41586-019-1138-y,"""algorithmic amplification"" AND political [4]",exclude_title,Title does not show an eligible empirical O/A/C/D/E/R/I construct; provisional decision,preliminary_single_reviewer_title
https://openalex.org/W4392563408,10.1140/epjds/s13688-024-00456-3,Evaluating Twitter’s algorithmic amplification of low-credibility content: an observational study,2024,https://doi.org/10.1140/epjds/s13688-024-00456-3,"""algorithmic amplification"" AND political [5]",retrieve_full_text,Potential eligible empirical source; full-text construct and dataset check pending,preliminary_single_reviewer_title
https://openalex.org/W4408138635,10.1093/pnasnexus/pgaf062,"Engagement, user satisfaction, and the amplification of divisive content on social media",2025,https://doi.org/10.1093/pnasnexus/pgaf062,"""algorithmic amplification"" AND political [6]",exclude_title,Title does not show an eligible empirical O/A/C/D/E/R/I construct; provisional decision,preliminary_single_reviewer_title
https://openalex.org/W4386301029,10.1007/978-3-031-53503-1_11,Algorithmic Amplification of Politics and Engagement Maximization on Social Media,2024,https://doi.org/10.1007/978-3-031-53503-1_11,"""algorithmic amplification"" AND political [7]",exclude_title,Title does not show an eligible empirical O/A/C/D/E/R/I construct; provisional decision,preliminary_single_reviewer_title
https://openalex.org/W4411542040,10.1145/3715275.3732159,Auditing Political Exposure Bias: Algorithmic Amplification on Twitter/X During the 2024 U.S. Presidential Election,2025,https://doi.org/10.1145/3715275.3732159,"""algorithmic amplification"" AND political [8]",retrieve_full_text,Potential eligible empirical source; full-text construct and dataset check pending,preliminary_single_reviewer_title
https://openalex.org/W4410753812,10.3390/admsci15060202,Viral Leadership: Algorithmic Amplification and the Rise of Leadership Fashions,2025,https://doi.org/10.3390/admsci15060202,"""algorithmic amplification"" AND political [9]",exclude_title,Title does not show an eligible empirical O/A/C/D/E/R/I construct; provisional decision,preliminary_single_reviewer_title
https://openalex.org/W4308804602,10.1080/14742837.2022.2143345,"Amplification, evasion, hijacking: algorithms as repertoire for social movements and the struggle for visibility",2022,https://doi.org/10.1080/14742837.2022.2143345,"""algorithmic amplification"" AND political [10]",exclude_title,Title does not show an eligible empirical O/A/C/D/E/R/I construct; provisional decision,preliminary_single_reviewer_title
https://openalex.org/W4296703176,10.1093/pnasnexus/pgac186,Social media sharing of low-quality news sources by political elites,2022,https://doi.org/10.1093/pnasnexus/pgac186,"""algorithmic amplification"" AND political [11]",exclude_title,Title does not show an eligible empirical O/A/C/D/E/R/I construct; provisional decision,preliminary_single_reviewer_title
https://openalex.org/W4405359942,10.2139/ssrn.5018879,Auditing Political Exposure Bias: Algorithmic Amplification on Twitter/X Approaching the 2024 U.S. Presidential Election,2024,https://doi.org/10.2139/ssrn.5018879,"""algorithmic amplification"" AND political [12]",exclude_title,Title does not show an eligible empirical O/A/C/D/E/R/I construct; provisional decision,preliminary_single_reviewer_title
https://openalex.org/W4378718287,10.48550/arxiv.2305.16941,"Engagement, User Satisfaction, and the Amplification of Divisive Content on Social Media",2023,http://arxiv.org/abs/2305.16941,"""algorithmic amplification"" AND political [13]",exclude_title,Title does not show an eligible empirical O/A/C/D/E/R/I construct; provisional decision,preliminary_single_reviewer_title
https://openalex.org/W4376056120,10.1177/20539517231172424,Ethical scaling for content moderation: Extreme speech and the (in)significance of artificial intelligence,2023,https://doi.org/10.1177/20539517231172424,"""algorithmic amplification"" AND political [14]",exclude_title,Title does not show an eligible empirical O/A/C/D/E/R/I construct; provisional decision,preliminary_single_reviewer_title
https://openalex.org/W2974097540,10.22230/cjc.2019v44n3a3653,Data Segregation and Algorithmic Amplification: A Conversation with Wendy Hui Kyong Chun,2019,https://doi.org/10.22230/cjc.2019v44n3a3653,"""algorithmic amplification"" AND political [15]",exclude_title,Title does not show an eligible empirical O/A/C/D/E/R/I construct; provisional decision,preliminary_single_reviewer_title
https://openalex.org/W7118131279,10.1080/1062726x.2025.2606676,Social Bots as Agenda-Builders: Evaluating the Impact of Algorithmic Amplification on Organizational Messaging,2026,https://doi.org/10.1080/1062726x.2025.2606676,"""algorithmic amplification"" AND political [16]",exclude_title,Title does not show an eligible empirical O/A/C/D/E/R/I construct; provisional decision,preliminary_single_reviewer_title
https://openalex.org/W4411687312,10.59075/k8ra0b02,Algorithmic Amplification and Political Discourse: The Role of AI in Shaping Public Opinion on Social Media in Pakistan,2025,https://doi.org/10.59075/k8ra0b02,"""algorithmic amplification"" AND political [17]",exclude_title,Title does not show an eligible empirical O/A/C/D/E/R/I construct; provisional decision,preliminary_single_reviewer_title
https://openalex.org/W4387277768,10.1038/s41598-023-43980-4,Crowdsourced audit of Twitter’s recommender systems,2023,https://doi.org/10.1038/s41598-023-43980-4,"""algorithmic amplification"" AND political [18]",retrieve_full_text,Potential eligible empirical source; full-text construct and dataset check pending,preliminary_single_reviewer_title
https://openalex.org/W4308661826,10.1007/978-3-031-13694-8,Europe in the Age of Post-Truth Politics,2022,https://doi.org/10.1007/978-3-031-13694-8,"""algorithmic amplification"" AND political [19]",exclude_title,Title does not show an eligible empirical O/A/C/D/E/R/I construct; provisional decision,preliminary_single_reviewer_title
https://openalex.org/W4412787296,10.3389/frai.2025.1569115,AI-driven disinformation: policy recommendations for democratic resilience,2025,https://doi.org/10.3389/frai.2025.1569115,"""algorithmic amplification"" AND political [20]",exclude_title,Title does not show an eligible empirical O/A/C/D/E/R/I construct; provisional decision,preliminary_single_reviewer_title
https://openalex.org/W4391884843,10.1103/physrevresearch.6.013170,Multidimensional political polarization in online social networks,2024,https://doi.org/10.1103/physrevresearch.6.013170,"""algorithmic amplification"" AND political [21]",exclude_title,Title does not show an eligible empirical O/A/C/D/E/R/I construct; provisional decision,preliminary_single_reviewer_title
https://openalex.org/W4412560582,10.55966/assaj.2025.4.1.063,Digital Disruption in Political PR: From Gatekeepers to Algorithmic Amplification,2025,https://doi.org/10.55966/assaj.2025.4.1.063,"""algorithmic amplification"" AND political [22]",exclude_title,Title does not show an eligible empirical O/A/C/D/E/R/I construct; provisional decision,preliminary_single_reviewer_title
https://openalex.org/W7130386561,10.1038/s41586-026-10098-2,The political effects of X’s feed algorithm,2026,https://doi.org/10.1038/s41586-026-10098-2,"""algorithmic amplification"" AND political [23]",retrieve_full_text,Potential eligible empirical source; full-text construct and dataset check pending,preliminary_single_reviewer_title
https://openalex.org/W3124717596,10.1007/s13347-020-00441-4,"Public Actors Without Public Values: Legitimacy, Domination and the Regulation of the Technology Sector",2021,https://doi.org/10.1007/s13347-020-00441-4,"""algorithmic amplification"" AND political [24]",exclude_title,Title does not show an eligible empirical O/A/C/D/E/R/I construct; provisional decision,preliminary_single_reviewer_title
https://openalex.org/W4401035240,10.1177/14614448241262415,"Social media platforms for politics: A comparison of Facebook, Instagram, Twitter, YouTube, Reddit, Snapchat, and WhatsApp",2024,https://doi.org/10.1177/14614448241262415,"""algorithmic amplification"" AND political [25]",exclude_title,Title does not show an eligible empirical O/A/C/D/E/R/I construct; provisional decision,preliminary_single_reviewer_title
https://openalex.org/W3160110907,10.51685/jqd.2021.005,Love and Anger in Global Party Politics,2021,https://doi.org/10.51685/jqd.2021.005,"""algorithmic amplification"" AND political [26]",exclude_title,Title does not show an eligible empirical O/A/C/D/E/R/I construct; provisional decision,preliminary_single_reviewer_title
https://openalex.org/W3003606046,10.1177/1529100620946707,Citizens Versus the Internet: Confronting Digital Challenges With Cognitive Tools,2020,https://doi.org/10.1177/1529100620946707,"""algorithmic amplification"" AND political [27]",exclude_title,Title does not show an eligible empirical O/A/C/D/E/R/I construct; provisional decision,preliminary_single_reviewer_title
https://openalex.org/W4305072354,10.31305/rrijm.2022.v07.i10.004,The Algorithmic Amplification of Concerns in a Media-Saturated World,2022,https://doi.org/10.31305/rrijm.2022.v07.i10.004,"""algorithmic amplification"" AND political [28]",exclude_title,Title does not show an eligible empirical O/A/C/D/E/R/I construct; provisional decision,preliminary_single_reviewer_title
https://openalex.org/W4391785078,10.1017/pan.2023.42,Estimating the Ideology of Political YouTube Videos,2024,https://doi.org/10.1017/pan.2023.42,"""algorithmic amplification"" AND political [29]",background_method,"Method/review background; inspect citations, not counted as independent dataset",preliminary_single_reviewer_title
https://openalex.org/W4321473289,10.1145/3544548.3580644,Upvotes? Downvotes? No Votes? Understanding the relationship between reaction mechanisms and political discourse on Reddit,2023,https://doi.org/10.1145/3544548.3580644,"""algorithmic amplification"" AND political [30]",exclude_title,Title does not show an eligible empirical O/A/C/D/E/R/I construct; provisional decision,preliminary_single_reviewer_title
https://openalex.org/W4379233380,10.1111/socf.12907,"Who Controls the Code, Controls the System: Algorithmically Amplified Bullshit, Social Inequality, and the Ubiquitous Surveillance of Everyday Life",2023,https://doi.org/10.1111/socf.12907,"""algorithmic amplification"" AND political [31]",exclude_title,Title does not show an eligible empirical O/A/C/D/E/R/I construct; provisional decision,preliminary_single_reviewer_title
https://openalex.org/W4404390517,10.48550/arxiv.2411.01852,Auditing Political Exposure Bias: Algorithmic Amplification on Twitter/X During the 2024 U.S. Presidential Election,2024,https://arxiv.org/abs/2411.01852,"""algorithmic amplification"" AND political [32]",exclude_title,Title does not show an eligible empirical O/A/C/D/E/R/I construct; provisional decision,preliminary_single_reviewer_title
https://openalex.org/W4283170039,10.1145/3531146.3533201,Accountable Data: The Politics and Pragmatics of Disclosure Datasets,2022,https://doi.org/10.1145/3531146.3533201,"""algorithmic amplification"" AND political [33]",exclude_title,Title does not show an eligible empirical O/A/C/D/E/R/I construct; provisional decision,preliminary_single_reviewer_title
https://openalex.org/W4407955680,10.1007/s00146-025-02230-z,Algorithmically mediated judgment: an arendtian perspective on political subjectivity in social media,2025,https://doi.org/10.1007/s00146-025-02230-z,"""algorithmic amplification"" AND political [34]",exclude_title,Title does not show an eligible empirical O/A/C/D/E/R/I construct; provisional decision,preliminary_single_reviewer_title
https://openalex.org/W3171461543,,Information Fiduciaries and Political Microtargeting: A Legal Framework for Regulating Political Advertising on Digital Platforms,2021,https://scholarlycommons.law.northwestern.edu/nulr/vol115/iss6/6,"""algorithmic amplification"" AND political [35]",exclude_title,Title does not show an eligible empirical O/A/C/D/E/R/I construct; provisional decision,preliminary_single_reviewer_title
https://openalex.org/W2996846411,10.29085/9781783303922.003,Information Literacy in the Digital Age: Why Critical Digital Literacy Matters for Democracy,2019,https://doi.org/10.29085/9781783303922.003,"""algorithmic amplification"" AND political [36]",exclude_title,Title does not show an eligible empirical O/A/C/D/E/R/I construct; provisional decision,preliminary_single_reviewer_title
https://openalex.org/W4388588253,10.1093/pnasnexus/pgad382,The event-driven nature of online political hostility: How offline political events make online interactions more hostile,2023,https://doi.org/10.1093/pnasnexus/pgad382,"""algorithmic amplification"" AND political [37]",exclude_title,Title does not show an eligible empirical O/A/C/D/E/R/I construct; provisional decision,preliminary_single_reviewer_title
https://openalex.org/W4376311790,10.48550/arxiv.2305.06125,Evaluating Twitter's Algorithmic Amplification of Low-Credibility Content: An Observational Study,2023,http://arxiv.org/abs/2305.06125,"""algorithmic amplification"" AND political [38]",exclude_title,Title does not show an eligible empirical O/A/C/D/E/R/I construct; provisional decision,preliminary_single_reviewer_title
https://openalex.org/W4387671266,10.3389/frsps.2023.1260896,"A century of pluralistic ignorance: what we have learned about its origins, forms, and consequences",2023,https://doi.org/10.3389/frsps.2023.1260896,"""algorithmic amplification"" AND political [39]",exclude_title,Title does not show an eligible empirical O/A/C/D/E/R/I construct; provisional decision,preliminary_single_reviewer_title
https://openalex.org/W4391578807,10.7551/mitpress/14329.001.0001,Algorithms of Resistance,2024,https://doi.org/10.7551/mitpress/14329.001.0001,"""algorithmic amplification"" AND political [40]",exclude_title,Title does not show an eligible empirical O/A/C/D/E/R/I construct; provisional decision,preliminary_single_reviewer_title
https://openalex.org/W4410362196,10.3390/socsci14050304,Climate Change Disinformation on Social Media: A Meta-Synthesis on Epistemic Welfare in the Post-Truth Era,2025,https://doi.org/10.3390/socsci14050304,"""algorithmic amplification"" AND political [41]",exclude_title,Title does not show an eligible empirical O/A/C/D/E/R/I construct; provisional decision,preliminary_single_reviewer_title
https://openalex.org/W4402702536,10.1007/s41109-024-00668-6,Auditing the audits: evaluating methodologies for social media recommender system audits,2024,http://dx.doi.org/10.1007/s41109-024-00668-6,"""algorithmic amplification"" AND political [42]",background_method,"Method/review background; inspect citations, not counted as independent dataset",preliminary_single_reviewer_title
https://openalex.org/W4406469685,10.1177/02632764241304687,"Machine Learning, Synthetic Data, and the Politics of Difference",2025,https://doi.org/10.1177/02632764241304687,"""algorithmic amplification"" AND political [43]",exclude_title,Title does not show an eligible empirical O/A/C/D/E/R/I construct; provisional decision,preliminary_single_reviewer_title
https://openalex.org/W4390723916,10.3758/s13428-023-02307-x,Diminished diversity-of-thought in a standard large language model,2024,https://doi.org/10.3758/s13428-023-02307-x,"""algorithmic amplification"" AND political [44]",exclude_title,Title does not show an eligible empirical O/A/C/D/E/R/I construct; provisional decision,preliminary_single_reviewer_title
https://openalex.org/W4402580738,10.1038/s41598-024-71263-z,Negative online news articles are shared more to social media,2024,https://doi.org/10.1038/s41598-024-71263-z,"""algorithmic amplification"" AND political [45]",exclude_title,Title does not show an eligible empirical O/A/C/D/E/R/I construct; provisional decision,preliminary_single_reviewer_title
https://openalex.org/W4400586030,10.47305/jlpe2411050sh,The Future of Political Discourse: AI and Media Literacy Education,2024,https://doi.org/10.47305/jlpe2411050sh,"""algorithmic amplification"" AND political [46]",exclude_title,Title does not show an eligible empirical O/A/C/D/E/R/I construct; provisional decision,preliminary_single_reviewer_title
https://openalex.org/W4413918520,10.1109/mipro65660.2025.11131918,Research on the Impact of Algorithmic Echo Chambers on Perceptions and Attitudes of Social Network Users in a Digital Society,2025,https://doi.org/10.1109/mipro65660.2025.11131918,"""algorithmic amplification"" AND political [47]",exclude_title,Title does not show an eligible empirical O/A/C/D/E/R/I construct; provisional decision,preliminary_single_reviewer_title
https://openalex.org/W2946590006,10.1017/s1537592719000434,Trumpism and the Dialectic of Neoliberal Reason,2019,https://doi.org/10.1017/s1537592719000434,"""algorithmic amplification"" AND political [48]",exclude_title,Title does not show an eligible empirical O/A/C/D/E/R/I construct; provisional decision,preliminary_single_reviewer_title
https://openalex.org/W4416381104,10.1017/s0020818325101069,Information Disorder and Global Politics,2025,https://doi.org/10.1017/s0020818325101069,"""algorithmic amplification"" AND political [49]",exclude_title,Title does not show an eligible empirical O/A/C/D/E/R/I construct; provisional decision,preliminary_single_reviewer_title
https://openalex.org/W4412012594,10.3389/fcomm.2025.1616465,From framing to emotion: evolving narratives in Ibero-American political mediatization (2008–2019),2025,https://doi.org/10.3389/fcomm.2025.1616465,"""algorithmic amplification"" AND political [50]",exclude_title,Title does not show an eligible empirical O/A/C/D/E/R/I construct; provisional decision,preliminary_single_reviewer_title
https://openalex.org/W4313894975,10.1038/s41467-022-35576-9,Exposure to the Russian Internet Research Agency foreign influence campaign on Twitter in the 2016 US election and its relationship to attitudes and voting behavior,2023,https://doi.org/10.1038/s41467-022-35576-9,"""foreign influence"" AND ""social media"" [3]",retrieve_full_text,Potential eligible empirical source; full-text construct and dataset check pending,preliminary_single_reviewer_title
https://openalex.org/W4220657114,10.1017/psrm.2022.9,Asymmetric flooding as a tool for foreign influence on social media,2022,https://doi.org/10.1017/psrm.2022.9,"""foreign influence"" AND ""social media"" [4]",retrieve_full_text,Potential eligible empirical source; full-text construct and dataset check pending,preliminary_single_reviewer_title
https://openalex.org/W3042287377,10.1017/9781108920377,Social Media and International Relations,2020,https://doi.org/10.1017/9781108920377,"""foreign influence"" AND ""social media"" [5]",exclude_title,Title does not show an eligible empirical O/A/C/D/E/R/I construct; provisional decision,preliminary_single_reviewer_title
https://openalex.org/W2055389078,10.1080/15377857.2014.866412,"Revolution 2.0 in Egypt: Pushing for Change, Foreign Influences on a Popular Revolt",2014,https://doi.org/10.1080/15377857.2014.866412,"""foreign influence"" AND ""social media"" [7]",exclude_title,Title does not show an eligible empirical O/A/C/D/E/R/I construct; provisional decision,preliminary_single_reviewer_title
https://openalex.org/W2931974742,10.1017/psrm.2018.68,Missing the Target? Using Surveys to Validate Social Media Ad Targeting,2019,https://doi.org/10.1017/psrm.2018.68,"""foreign influence"" AND ""social media"" [9]",exclude_title,Title does not show an eligible empirical O/A/C/D/E/R/I construct; provisional decision,preliminary_single_reviewer_title
https://openalex.org/W4367679264,10.1007/s10660-022-09636-7,Political social media marketing: a systematic literature review and agenda for future research,2023,https://doi.org/10.1007/s10660-022-09636-7,"""foreign influence"" AND ""social media"" [10]",exclude_title,Title does not show an eligible empirical O/A/C/D/E/R/I construct; provisional decision,preliminary_single_reviewer_title
https://openalex.org/W2931398110,10.48550/arxiv.1904.01596,Analyzing Polarization in Social Media: Method and Application to Tweets on 21 Mass Shootings,2019,http://arxiv.org/abs/1904.01596,"""foreign influence"" AND ""social media"" [11]",exclude_title,Title does not show an eligible empirical O/A/C/D/E/R/I construct; provisional decision,preliminary_single_reviewer_title
https://openalex.org/W2991581987,10.1073/pnas.1906420116,Assessing the Russian Internet Research Agency’s impact on the political attitudes and behaviors of American Twitter users in late 2017,2019,https://doi.org/10.1073/pnas.1906420116,"""foreign influence"" AND ""social media"" [12]",exclude_title,Title does not show an eligible empirical O/A/C/D/E/R/I construct; provisional decision,preliminary_single_reviewer_title
https://openalex.org/W4375827590,10.2139/ssrn.4429558,The Algorithmic Management of Polarization and Violence on Social Media,2023,https://doi.org/10.2139/ssrn.4429558,"""foreign influence"" AND ""social media"" [13]",exclude_title,Title does not show an eligible empirical O/A/C/D/E/R/I construct; provisional decision,preliminary_single_reviewer_title
https://openalex.org/W2900218011,10.69985/rtqz8308,Data Craft: The Manipulation of Social Media Metadata,2018,https://doi.org/10.69985/rtqz8308,"""foreign influence"" AND ""social media"" [14]",exclude_title,Title does not show an eligible empirical O/A/C/D/E/R/I construct; provisional decision,preliminary_single_reviewer_title
https://openalex.org/W2958393574,10.4324/9780429260537,RussiaGate and Propaganda: Disinformation in the Age of Social Media,2019,https://www.taylorfrancis.com/books/9780429260537,"""foreign influence"" AND ""social media"" [15]",exclude_title,Title does not show an eligible empirical O/A/C/D/E/R/I construct; provisional decision,preliminary_single_reviewer_title
https://openalex.org/W2797963409,10.1109/ssp.2018.8450823,Influence Estimation on Social Media Networks Using Causal Inference,2018,https://doi.org/10.1109/ssp.2018.8450823,"""foreign influence"" AND ""social media"" [16]",exclude_title,Title does not show an eligible empirical O/A/C/D/E/R/I construct; provisional decision,preliminary_single_reviewer_title
https://openalex.org/W4283261036,10.3389/fpos.2022.885362,Connectivity Between Russian Information Sources and Extremist Communities Across Social Media Platforms,2022,https://doi.org/10.3389/fpos.2022.885362,"""foreign influence"" AND ""social media"" [17]",retrieve_full_text,Potential eligible empirical source; full-text construct and dataset check pending,preliminary_single_reviewer_title
https://openalex.org/W2274277923,10.4236/oalib.1101486,Framing the Occupy Nigeria Protests in Newspapers and Social Media,2015,https://doi.org/10.4236/oalib.1101486,"""foreign influence"" AND ""social media"" [18]",exclude_title,Title does not show an eligible empirical O/A/C/D/E/R/I construct; provisional decision,preliminary_single_reviewer_title
https://openalex.org/W3096296182,10.37016/mr-2020-47,Breaking Harmony Square: A game that “inoculates” against political misinformation,2020,https://doi.org/10.37016/mr-2020-47,"""foreign influence"" AND ""social media"" [19]",exclude_title,Title does not show an eligible empirical O/A/C/D/E/R/I construct; provisional decision,preliminary_single_reviewer_title
https://openalex.org/W3102526628,10.51685/jqd.2022.010,"Slanted Narratives, Social Media, and Foreign Influence in Libya",2022,https://doi.org/10.51685/jqd.2022.010,"""foreign influence"" AND ""social media"" [20]",exclude_title,Title does not show an eligible empirical O/A/C/D/E/R/I construct; provisional decision,preliminary_single_reviewer_title
https://openalex.org/W4293546235,10.1017/s1537592722001931,Political Coalitions and Social Media: Evidence from Pakistan,2022,https://doi.org/10.1017/s1537592722001931,"""foreign influence"" AND ""social media"" [21]",exclude_title,Title does not show an eligible empirical O/A/C/D/E/R/I construct; provisional decision,preliminary_single_reviewer_title
https://openalex.org/W2380995824,10.1017/s0266078416000250,Anglicized Korean Neologisms of the New Millennium: An Overview,2016,https://doi.org/10.1017/s0266078416000250,"""foreign influence"" AND ""social media"" [22]",exclude_title,Title does not show an eligible empirical O/A/C/D/E/R/I construct; provisional decision,preliminary_single_reviewer_title
https://openalex.org/W2969656656,10.1017/s1049096519001021,A New Model for Industry–Academic Partnerships,2019,https://doi.org/10.1017/s1049096519001021,"""foreign influence"" AND ""social media"" [23]",exclude_title,Title does not show an eligible empirical O/A/C/D/E/R/I construct; provisional decision,preliminary_single_reviewer_title
https://openalex.org/W4317886282,10.1108/qmr-03-2022-0048,Destination branding through social media: juxtaposition of foreign influencer’s narratives and state’s presentation on the event of Pakistan Tourism Summit 2019,2023,https://doi.org/10.1108/qmr-03-2022-0048,"""foreign influence"" AND ""social media"" [24]",exclude_title,Title does not show an eligible empirical O/A/C/D/E/R/I construct; provisional decision,preliminary_single_reviewer_title
https://openalex.org/W4210677338,10.31234/osf.io/tp6vy,Nudging social media sharing towards accuracy,2021,https://doi.org/10.31234/osf.io/tp6vy,"""foreign influence"" AND ""social media"" [25]",exclude_title,Title does not show an eligible empirical O/A/C/D/E/R/I construct; provisional decision,preliminary_single_reviewer_title
https://openalex.org/W4403039308,10.1038/s41467-024-52179-8,Social identity correlates of social media engagement before and after the 2022 Russian invasion of Ukraine,2024,https://doi.org/10.1038/s41467-024-52179-8,"""foreign influence"" AND ""social media"" [26]",retrieve_full_text,Potential eligible empirical source; full-text construct and dataset check pending,preliminary_single_reviewer_title
https://openalex.org/W4382051553,10.3386/w31399,Exporting Ideology: The Right and Left of Foreign Influence,2023,https://doi.org/10.3386/w31399,"""foreign influence"" AND ""social media"" [27]",exclude_title,Title does not show an eligible empirical O/A/C/D/E/R/I construct; provisional decision,preliminary_single_reviewer_title
https://openalex.org/W4308671128,10.48550/arxiv.2211.04154,Russian propaganda on social media during the 2022 invasion of Ukraine,2022,http://arxiv.org/abs/2211.04154,"""foreign influence"" AND ""social media"" [28]",exclude_title,Title does not show an eligible empirical O/A/C/D/E/R/I construct; provisional decision,preliminary_single_reviewer_title
https://openalex.org/W3025770518,10.1057/s42984-020-00012-z,The easy weaponization of social media: why profit has trumped security for U.S. companies,2020,https://doi.org/10.1057/s42984-020-00012-z,"""foreign influence"" AND ""social media"" [29]",exclude_title,Title does not show an eligible empirical O/A/C/D/E/R/I construct; provisional decision,preliminary_single_reviewer_title
https://openalex.org/W4308802752,10.1177/00223433221092815,Introducing the Online Political Influence Efforts dataset,2022,https://doi.org/10.1177/00223433221092815,"""foreign influence"" AND ""social media"" [30]",retrieve_full_text,Potential eligible empirical source; full-text construct and dataset check pending,preliminary_single_reviewer_title
https://openalex.org/W4364362179,10.1017/s1351324923000104,A transformer-based multi-task framework for joint detection of aggression and hate on social media data,2023,https://doi.org/10.1017/s1351324923000104,"""foreign influence"" AND ""social media"" [31]",exclude_title,Title does not show an eligible empirical O/A/C/D/E/R/I construct; provisional decision,preliminary_single_reviewer_title
https://openalex.org/W4406028570,10.1080/00933104.2024.2439302,"Baudrillard, hyperreality, and the ‘problematic’ of (mis/dis)information in social media",2025,https://doi.org/10.1080/00933104.2024.2439302,"""foreign influence"" AND ""social media"" [32]",exclude_title,Title does not show an eligible empirical O/A/C/D/E/R/I construct; provisional decision,preliminary_single_reviewer_title
https://openalex.org/W4414425721,10.17645/mac.10697,"Government Communication on Social Media: Research Foci, Domains, and Future Directions",2025,https://doi.org/10.17645/mac.10697,"""foreign influence"" AND ""social media"" [33]",exclude_title,Title does not show an eligible empirical O/A/C/D/E/R/I construct; provisional decision,preliminary_single_reviewer_title
https://openalex.org/W4399120361,10.1371/journal.pone.0302323,Virtual lab coats: The effects of verified source information on social media post credibility,2024,https://doi.org/10.1371/journal.pone.0302323,"""foreign influence"" AND ""social media"" [34]",exclude_title,Title does not show an eligible empirical O/A/C/D/E/R/I construct; provisional decision,preliminary_single_reviewer_title
https://openalex.org/W4402401336,10.1093/pnasnexus/pgae396,Measuring receptivity to misinformation at scale on a social media platform,2024,https://doi.org/10.1093/pnasnexus/pgae396,"""foreign influence"" AND ""social media"" [35]",exclude_title,Title does not show an eligible empirical O/A/C/D/E/R/I construct; provisional decision,preliminary_single_reviewer_title
https://openalex.org/W2808356107,,Systemic Social Media Regulation,2018,https://scholarship.law.duke.edu/dltr/vol16/iss1/14,"""foreign influence"" AND ""social media"" [36]",exclude_title,Title does not show an eligible empirical O/A/C/D/E/R/I construct; provisional decision,preliminary_single_reviewer_title
https://openalex.org/W4226106458,10.1515/9781503631151,Tyrants on Twitter,2022,https://doi.org/10.1515/9781503631151,"""foreign influence"" AND ""social media"" [37]",exclude_title,Title does not show an eligible empirical O/A/C/D/E/R/I construct; provisional decision,preliminary_single_reviewer_title
https://openalex.org/W3012284140,10.5117/9789463724838,The Politics of Social Media Manipulation,2021,https://doi.org/10.5117/9789463724838,"""foreign influence"" AND ""social media"" [38]",exclude_title,Title does not show an eligible empirical O/A/C/D/E/R/I construct; provisional decision,preliminary_single_reviewer_title
https://openalex.org/W4317772760,10.1007/978-3-031-16624-2_20,"Computational Social Science for Policy and Quality of Democracy: Public Opinion, Hate Speech, Misinformation, and Foreign Influence Campaigns",2023,https://doi.org/10.1007/978-3-031-16624-2_20,"""foreign influence"" AND ""social media"" [39]",exclude_title,Title does not show an eligible empirical O/A/C/D/E/R/I construct; provisional decision,preliminary_single_reviewer_title
https://openalex.org/W3088749783,10.1080/17512786.2020.1832139,"Visual Mis/disinformation in Journalism and Public Communications: Current Verification Practices, Challenges, and Future Opportunities",2020,https://doi.org/10.1080/17512786.2020.1832139,"""foreign influence"" AND ""social media"" [40]",exclude_title,Title does not show an eligible empirical O/A/C/D/E/R/I construct; provisional decision,preliminary_single_reviewer_title
https://openalex.org/W3093957097,,The Role of Social Media Influencers in the Consumer Decision-making Process,2020,http://www.theseus.fi/handle/10024/341524,"""foreign influence"" AND ""social media"" [41]",exclude_title,Title does not show an eligible empirical O/A/C/D/E/R/I construct; provisional decision,preliminary_single_reviewer_title
https://openalex.org/W4200260098,10.1108/oxan-db264532,Malicious uses of social media bots will rise,2021,https://doi.org/10.1108/oxan-db264532,"""foreign influence"" AND ""social media"" [42]",exclude_title,Title does not show an eligible empirical O/A/C/D/E/R/I construct; provisional decision,preliminary_single_reviewer_title
https://openalex.org/W3160003359,10.1017/ajil.2021.10,Government Agencies and Private Companies Undertake Actions to Limit the Impact of Foreign Influence and Interference in the 2020 U.S. Election,2021,https://doi.org/10.1017/ajil.2021.10,"""foreign influence"" AND ""social media"" [43]",exclude_title,Title does not show an eligible empirical O/A/C/D/E/R/I construct; provisional decision,preliminary_single_reviewer_title
https://openalex.org/W4362652899,10.59263/gmjacs.12.01.2022.218,Role of Influencers in Digital Marketing: The moderating impact of follower’s interaction,2022,https://doi.org/10.59263/gmjacs.12.01.2022.218,"""foreign influence"" AND ""social media"" [46]",exclude_title,Title does not show an eligible empirical O/A/C/D/E/R/I construct; provisional decision,preliminary_single_reviewer_title
https://openalex.org/W3197052143,10.1093/acrefore/9780190228613.013.917,Global Social Media Ethics and the Responsibility of Journalism,2021,https://doi.org/10.1093/acrefore/9780190228613.013.917,"""foreign influence"" AND ""social media"" [47]",exclude_title,Title does not show an eligible empirical O/A/C/D/E/R/I construct; provisional decision,preliminary_single_reviewer_title
https://openalex.org/W4294952471,10.1007/s44206-022-00010-6,Deepfakes and Democracy (Theory): How Synthetic Audio-Visual Media for Disinformation and Hate Speech Threaten Core Democratic Functions,2022,https://doi.org/10.1007/s44206-022-00010-6,"""foreign influence"" AND ""social media"" [48]",exclude_title,Title does not show an eligible empirical O/A/C/D/E/R/I construct; provisional decision,preliminary_single_reviewer_title
https://openalex.org/W7135058374,10.1177/00104140261431834,Authoritarian Persuasion at Home and Abroad: The Partial Effectiveness of Foreign Influencers in Propaganda Work,2026,https://doi.org/10.1177/00104140261431834,"""foreign influence"" AND ""social media"" [49]",exclude_title,Title does not show an eligible empirical O/A/C/D/E/R/I construct; provisional decision,preliminary_single_reviewer_title
https://openalex.org/W3135318017,10.1016/j.ijdrr.2021.102151,Handling false information in emergency management: A cross-national comparative study of European practices,2021,https://doi.org/10.1016/j.ijdrr.2021.102151,"""foreign influence"" AND ""social media"" [50]",exclude_title,Title does not show an eligible empirical O/A/C/D/E/R/I construct; provisional decision,preliminary_single_reviewer_title
